[
  {
    "name": "theme_info",
    "theme_name": "Tuna",
    "theme_author": "Tuna Themes",
    "theme_version": "2.0.0",
    "theme_documentation_url": "https:\/\/tuna.cool\/",
    "theme_support_url": "https:\/\/tuna.cool\/"
  },
  {
    "name": "t:settings_schema.colors.name",
    "settings": [
      {
        "type": "header",
        "content": "t:settings_schema.colors.settings.header_general"
      },
      {
        "type": "color",
        "id": "color_body_bg",
        "label": "t:settings_schema.colors.settings.color_body_bg.label",
        "default": "#ffffff"
      },
      {
        "type": "color",
        "id": "color_body_text",
        "label": "t:settings_schema.colors.settings.color_body_text.label",
        "default": "#1c1d1d"
      },
      {
        "type": "color",
        "id": "color_price",
        "label": "t:settings_schema.colors.settings.color_price.label",
        "default": "#1c1d1d"
      },
      {
        "type": "color",
        "id": "color_savings_text",
        "label": "t:settings_schema.colors.settings.color_savings_text.label",
        "default": "#ff4e4e"
      },
      {
        "type": "color",
        "id": "color_borders",
        "label": "t:settings_schema.colors.settings.color_borders.label",
        "default": "#1c1d1d"
      },
      {
        "type": "color",
        "id": "color_button",
        "label": "t:settings_schema.colors.settings.color_button.label",
        "default": "#1c1d1d"
      },
      {
        "type": "color",
        "id": "color_button_text",
        "label": "t:settings_schema.colors.settings.color_button_text.label",
        "default": "#ffffff"
      },
      {
        "type": "color",
        "id": "color_sale_tag",
        "label": "t:settings_schema.colors.settings.color_sale_tag.label",
        "default": "#1c1d1d"
      },
      {
        "type": "color",
        "id": "color_sale_tag_text",
        "label": "t:settings_schema.colors.settings.color_sale_tag_text.label",
        "default": "#ffffff"
      },
      {
        "type": "color",
        "id": "color_cart_dot",
        "label": "t:settings_schema.colors.settings.color_cart_dot.label",
        "default": "#ff4f33"
      },
      {
        "type": "color",
        "id": "color_small_image_bg",
        "label": "t:settings_schema.colors.settings.color_small_image_bg.label",
        "default": "#ffffff"
      },
      {
        "type": "color",
        "id": "color_large_image_bg",
        "label": "t:settings_schema.colors.settings.color_large_image_bg.label",
        "default": "#1c1d1d"
      },
      {
        "type": "header",
        "content": "t:settings_schema.colors.settings.header_header"
      },
      {
        "type": "color",
        "id": "color_header",
        "label": "t:settings_schema.colors.settings.color_header.label",
        "default": "#ffffff"
      },
      {
        "type": "color",
        "id": "color_header_text",
        "label": "t:settings_schema.colors.settings.color_header_text.label",
        "default": "#000000"
      },
      {
        "type": "color",
        "id": "color_announcement",
        "label": "t:settings_schema.colors.settings.color_announcement.label",
        "default": "#1c1d1d"
      },
      {
        "type": "color",
        "id": "color_announcement_text",
        "label": "t:settings_schema.colors.settings.color_announcement_text.label",
        "default": "#ffffff"
      },
      {
        "type": "header",
        "content": "t:settings_schema.colors.settings.header_footer"
      },
      {
        "type": "color",
        "id": "color_footer",
        "label": "t:settings_schema.colors.settings.color_footer.label",
        "default": "#111"
      },
      {
        "type": "color",
        "id": "color_footer_text",
        "label": "t:settings_schema.colors.settings.color_footer_text.label",
        "default": "#ffffff"
      },
      {
        "type": "header",
        "content": "t:settings_schema.colors.settings.header_menu_and_cart_drawers"
      },
      {
        "type": "color",
        "id": "color_drawer_background",
        "label": "t:settings_schema.colors.settings.color_drawer_background.label",
        "default": "#1c1d1d"
      },
      {
        "type": "color",
        "id": "color_drawer_text",
        "label": "t:settings_schema.colors.settings.color_drawer_text.label",
        "default": "#ffffff"
      },
      {
        "type": "color",
        "id": "color_drawer_border",
        "label": "t:settings_schema.colors.settings.color_drawer_border.label",
        "default": "#343535"
      },
      {
        "type": "color",
        "id": "color_drawer_button",
        "label": "t:settings_schema.colors.settings.color_drawer_button.label",
        "default": "#a26b25"
      },
      {
        "type": "color",
        "id": "color_drawer_button_text",
        "label": "t:settings_schema.colors.settings.color_drawer_button_text.label",
        "default": "#ffffff"
      },
      {
        "type": "color",
        "id": "color_modal_overlays",
        "label": "t:settings_schema.colors.settings.color_modal_overlays.label",
        "default": "#000000"
      },
      {
        "type": "header",
        "content": "t:settings_schema.colors.settings.header_image_treatment"
      },
      {
        "type": "paragraph",
        "content": "t:settings_schema.colors.settings.content"
      },
      {
        "type": "color",
        "id": "color_image_text",
        "label": "t:settings_schema.colors.settings.color_image_text.label",
        "default": "#ffffff"
      },
      {
        "type": "color",
        "id": "color_image_overlay",
        "label": "t:settings_schema.colors.settings.color_image_overlay.label",
        "default": "#000000"
      },
      {
        "type": "range",
        "id": "color_image_overlay_opacity",
        "label": "t:settings_schema.colors.settings.color_image_overlay_opacity.label",
        "default": 10,
        "min": 0,
        "max": 100,
        "step": 1,
        "unit": "%"
      },
      {
        "type": "range",
        "id": "color_image_overlay_text_shadow",
        "label": "t:settings_schema.colors.settings.color_image_overlay_text_shadow.label",
        "default": 30,
        "min": 0,
        "max": 60,
        "step": 1,
        "unit": "%"
      }
    ]
  },
  {
    "name": "レイアウト",
    "settings": [
      {
        "type": "range",
        "id": "page_width",
        "min": 1000,
        "max": 1800,
        "step": 40,
        "default": 1280,
        "unit": "px",
        "label": "ページ幅"
      },
      {
        "type": "range",
        "id": "spacing_page_width",
        "min": 10,
        "max": 80,
        "step": 5,
        "unit": "px",
        "label": "ページの幅の水平スペース",
        "default": 30
      },
      {
        "type": "range",
        "id": "spacing_page_width_mobile",
        "min": 10,
        "max": 80,
        "step": 5,
        "unit": "px",
        "label": "ページの幅の水平スペース（モバイル）",
        "default": 15
      },
      {
        "type": "range",
        "id": "spacing_sections",
        "min": 0,
        "max": 120,
        "step": 4,
        "unit": "px",
        "label": "セクション間の垂直スペース",
        "default": 100
      },
      {
        "type": "range",
        "id": "spacing_sections_mobile",
        "min": 0,
        "max": 80,
        "step": 4,
        "unit": "px",
        "label": "セクション間の垂直スペース（モバイル）",
        "default": 40
      },
      {
        "type": "header",
        "content": "グリッド"
      },
      {
        "type": "paragraph",
        "content": "マルチカラムレイアウトのエリアに影響します。"
      },
      {
        "type": "range",
        "id": "spacing_grid",
        "min": 0,
        "max": 40,
        "default": 12,
        "unit": "px",
        "label": "グリッド間のスペース"
      },
      {
        "type": "range",
        "id": "spacing_grid_mobile",
        "min": 0,
        "max": 40,
        "default": 8,
        "unit": "px",
        "label": "グリッド間のスペース（モバイル）"
      },
      {
        "type": "range",
        "id": "grid_radius",
        "min": 0,
        "max": 40,
        "default": 5,
        "unit": "px",
        "label": "角の半径（R）"
      }
    ]
  },
  {
    "name": "t:settings_schema.typography.name",
    "settings": [
      {
        "type": "header",
        "content": "見出しテキスト",
        "info": "メインコピーやページタイトルなどに使用（h1\/h2\/.ff-h）"
      },
      {
        "type": "font_picker",
        "id": "type_header_font_family",
        "label": "t:settings_schema.typography.settings.type_header_font_family.label",
        "default": "poppins_n7"
      },
      {
        "type": "select",
        "id": "type_header_font_jp",
        "options": [
          {
            "value": "notosans",
            "label": "Noto Sans JP"
          },
          {
            "value": "yugochic",
            "label": "游ゴシック"
          },
          {
            "value": "notoserif",
            "label": "Noto Serif JP"
          },
          {
            "value": "yumincho",
            "label": "游明朝体"
          }
        ],
        "default": "notosans",
        "label": "日本語フォント"
      },
      {
        "type": "select",
        "id": "type_header_spacing",
        "label": "t:settings_schema.typography.settings.type_header_spacing.label",
        "default": "25",
        "options": [
          {
            "value": "-75",
            "label": "-75"
          },
          {
            "value": "-50",
            "label": "-50"
          },
          {
            "value": "-25",
            "label": "-25"
          },
          {
            "value": "0",
            "label": "0"
          },
          {
            "value": "25",
            "label": "25"
          },
          {
            "value": "50",
            "label": "50"
          },
          {
            "value": "75",
            "label": "75"
          },
          {
            "value": "100",
            "label": "100"
          },
          {
            "value": "150",
            "label": "150"
          },
          {
            "value": "200",
            "label": "200"
          },
          {
            "value": "250",
            "label": "250"
          }
        ]
      },
      {
        "type": "range",
        "id": "type_header_base_size",
        "label": "t:settings_schema.typography.settings.type_header_base_size.label",
        "default": 32,
        "min": 22,
        "max": 60,
        "unit": "px"
      },
      {
        "type": "range",
        "id": "type_header_line_height",
        "label": "t:settings_schema.typography.settings.type_header_line_height.label",
        "default": 1.4,
        "min": 0.8,
        "max": 2,
        "step": 0.1
      },
      {
        "type": "checkbox",
        "id": "type_header_capitalize",
        "label": "t:settings_schema.typography.settings.type_header_capitalize.label"
      },
      {
        "type": "checkbox",
        "id": "type_headers_align_text",
        "label": "t:settings_schema.typography.settings.type_headers_align_text.label"
      },
      {
        "type": "header",
        "content": "t:settings_schema.typography.settings.header_body_text",
        "info": "サイト全体のボディテキストに使用"
      },
      {
        "type": "font_picker",
        "id": "type_base_font_family",
        "label": "t:settings_schema.typography.settings.type_base_font_family.label",
        "default": "poppins_n5"
      },
      {
        "type": "select",
        "id": "type_body_font_jp",
        "options": [
          {
            "value": "notosans",
            "label": "Noto Sans JP"
          },
          {
            "value": "yugochic",
            "label": "游ゴシック"
          },
          {
            "value": "notoserif",
            "label": "Noto Serif JP"
          },
          {
            "value": "yumincho",
            "label": "游明朝体"
          }
        ],
        "default": "notosans",
        "label": "日本語フォント"
      },
      {
        "type": "font_picker",
        "id": "type_bold_font_family",
        "label": "英語フォント タイトル用（英語フォントのweight違いを推奨）",
        "info": "セクションタイトルなどに使用（h3\/h4\/strong\/b）※日本語フォントも同じweightが適用",
        "default": "poppins_n5"
      },
      {
        "type": "select",
        "id": "type_base_spacing",
        "label": "t:settings_schema.typography.settings.type_base_spacing.label",
        "default": "50",
        "options": [
          {
            "value": "-75",
            "label": "-75"
          },
          {
            "value": "-50",
            "label": "-50"
          },
          {
            "value": "-25",
            "label": "-25"
          },
          {
            "value": "0",
            "label": "0"
          },
          {
            "value": "25",
            "label": "25"
          },
          {
            "value": "50",
            "label": "50"
          },
          {
            "value": "75",
            "label": "75"
          },
          {
            "value": "100",
            "label": "100"
          },
          {
            "value": "150",
            "label": "150"
          },
          {
            "value": "200",
            "label": "200"
          },
          {
            "value": "250",
            "label": "250"
          }
        ]
      },
      {
        "type": "range",
        "id": "type_base_size",
        "label": "t:settings_schema.typography.settings.type_base_size.label",
        "default": 16,
        "min": 12,
        "max": 20,
        "unit": "px"
      },
      {
        "type": "range",
        "id": "type_base_line_height",
        "label": "t:settings_schema.typography.settings.type_base_line_height.label",
        "default": 1.4,
        "min": 1,
        "max": 2,
        "step": 0.1
      },
      {
        "type": "checkbox",
        "id": "type_body_align_text",
        "label": "t:settings_schema.typography.settings.type_body_align_text.label",
        "default": true
      },
      {
        "type": "header",
        "content": "ヘッダーナビゲーション"
      },
      {
        "type": "select",
        "id": "type_navigation_style",
        "label": "t:settings_schema.typography.settings.type_navigation_style.label",
        "default": "body",
        "options": [
          {
            "value": "body",
            "label": "t:settings_schema.typography.settings.type_navigation_style.options.body.label"
          },
          {
            "value": "heading",
            "label": "t:settings_schema.typography.settings.type_navigation_style.options.heading.label"
          }
        ]
      },
      {
        "type": "range",
        "id": "type_navigation_size",
        "label": "t:settings_schema.typography.settings.type_navigation_size.label",
        "default": 18,
        "min": 12,
        "max": 40,
        "unit": "px"
      },
      {
        "type": "checkbox",
        "id": "type_navigation_capitalize",
        "label": "t:settings_schema.typography.settings.type_navigation_capitalize.label"
      },
      {
        "type": "header",
        "content": "商品グリッド"
      },
      {
        "type": "select",
        "id": "type_product_style",
        "label": "t:settings_schema.typography.settings.type_product_style.label",
        "default": "body",
        "options": [
          {
            "value": "body",
            "label": "t:settings_schema.typography.settings.type_product_style.options.body.label"
          },
          {
            "value": "heading",
            "label": "t:settings_schema.typography.settings.type_product_style.options.heading.label"
          }
        ]
      },
      {
        "type": "checkbox",
        "id": "type_product_capitalize",
        "label": "t:settings_schema.typography.settings.type_product_capitalize.label",
        "default": true
      },
      {
        "type": "header",
        "content": "コレクショングリッド"
      },
      {
        "type": "select",
        "id": "type_collection_font",
        "label": "t:settings_schema.typography.settings.type_collection_font.label",
        "default": "heading",
        "options": [
          {
            "value": "body",
            "label": "t:settings_schema.typography.settings.type_collection_font.options.body.label"
          },
          {
            "value": "heading",
            "label": "t:settings_schema.typography.settings.type_collection_font.options.heading.label"
          }
        ]
      },
      {
        "type": "header",
        "content": "セクションタイトル"
      },
      {
        "type": "select",
        "id": "headline_section",
        "label": "セクションタイトル",
        "default": "h2",
        "options": [
          {
            "value": "h1",
            "label": "h1"
          },
          {
            "value": "h2",
            "label": "h2"
          },
          {
            "value": "h3",
            "label": "h3"
          },
          {
            "value": "h4",
            "label": "h4"
          }
        ]
      },
      {
        "type": "header",
        "content": "t:settings_schema.typography.settings.header_buttons"
      },
      {
        "type": "select",
        "id": "button_style",
        "label": "t:settings_schema.typography.settings.button_style.label",
        "default": "square",
        "options": [
          {
            "value": "square",
            "label": "t:settings_schema.typography.settings.button_style.options.square.label"
          },
          {
            "value": "round-slight",
            "label": "t:settings_schema.typography.settings.button_style.options.round-slight.label"
          },
          {
            "value": "round",
            "label": "t:settings_schema.typography.settings.button_style.options.round.label"
          }
        ]
      },
      {
        "type": "header",
        "content": "t:settings_schema.typography.settings.header_icons"
      },
      {
        "type": "select",
        "id": "icon_weight",
        "label": "t:settings_schema.typography.settings.icon_weight.label",
        "default": "5px",
        "options": [
          {
            "value": "2px",
            "label": "t:settings_schema.typography.settings.icon_weight.options.2px.label"
          },
          {
            "value": "3px",
            "label": "t:settings_schema.typography.settings.icon_weight.options.3px.label"
          },
          {
            "value": "4px",
            "label": "t:settings_schema.typography.settings.icon_weight.options.4px.label"
          },
          {
            "value": "5px",
            "label": "t:settings_schema.typography.settings.icon_weight.options.5px.label"
          },
          {
            "value": "6px",
            "label": "t:settings_schema.typography.settings.icon_weight.options.6px.label"
          },
          {
            "value": "7px",
            "label": "t:settings_schema.typography.settings.icon_weight.options.7px.label"
          }
        ]
      },
      {
        "type": "select",
        "id": "icon_linecaps",
        "label": "t:settings_schema.typography.settings.icon_linecaps.label",
        "default": "miter",
        "options": [
          {
            "value": "miter",
            "label": "t:settings_schema.typography.settings.icon_linecaps.options.miter.label"
          },
          {
            "value": "round",
            "label": "t:settings_schema.typography.settings.icon_linecaps.options.round.label"
          }
        ]
      }
    ]
  },
  {
    "name": "t:settings_schema.products.name",
    "settings": [
      {
        "type": "checkbox",
        "id": "product_save_amount",
        "label": "t:settings_schema.products.settings.product_save_amount.label",
        "default": true
      },
      {
        "type": "select",
        "id": "product_save_type",
        "label": "t:settings_schema.products.settings.product_save_type.label",
        "default": "dollar",
        "options": [
          {
            "value": "dollar",
            "label": "t:settings_schema.products.settings.product_save_type.options.dollar.label"
          },
          {
            "value": "percent",
            "label": "t:settings_schema.products.settings.product_save_type.options.percent.label"
          }
        ]
      },
      {
        "type": "checkbox",
        "id": "vendor_enable",
        "label": "t:settings_schema.products.settings.vendor_enable.label"
      }
    ]
  },
  {
    "name": "t:settings_schema.product_tiles.name",
    "settings": [
      {
        "type": "select",
        "id": "product_grid_style",
        "label": "商品グリッドスタイル",
        "default": "normal",
        "options": [
          {
            "value": "normal",
            "label": "ノーマルスタイル"
          },
          {
            "value": "card",
            "label": "カードスタイル"
          },
          {
            "value": "overlay",
            "label": "オーバーレイスタイル"
          }
        ]
      },
      {
        "type": "select",
        "id": "product_grid_image_size",
        "label": "t:settings_schema.product_tiles.settings.product_grid_image_size.label",
        "default": "square",
        "options": [
          {
            "value": "square",
            "label": "正方形 (1:1)"
          },
          {
            "value": "landscape",
            "label": "横_長方形 (4:3)"
          },
          {
            "value": "landscape2",
            "label": "横_長方形 (3:2)"
          },
          {
            "value": "wide",
            "label": "横_長方形 (16:9)"
          },
          {
            "value": "portrait",
            "label": "縦_長方形 (2:3)"
          },
          {
            "value": "portrait2",
            "label": "縦_長方形 (3:4)"
          },
          {
            "value": "portrait3",
            "label": "縦_長方形 (4:5)"
          },
          {
            "value": "natural",
            "label": "t:settings_schema.product_tiles.settings.product_grid_image_size.options.natural.label"
          }
        ]
      },
      {
        "type": "checkbox",
        "id": "product_grid_image_fill",
        "label": "t:settings_schema.product_tiles.settings.product_grid_image_fill.label",
        "info": "t:settings_schema.product_tiles.settings.product_grid_image_fill.info"
      },
      {
        "type": "checkbox",
        "id": "product_hover_image",
        "label": "t:settings_schema.product_tiles.settings.product_hover_image.label",
        "default": false
      },
      {
        "type": "range",
        "id": "type_product_size",
        "label": "テキストサイズ",
        "default": 15,
        "min": 12,
        "max": 30,
        "unit": "px"
      },
      {
        "type": "select",
        "id": "product_grid_text_align",
        "label": "テキスト配置",
        "default": "left",
        "options": [
          {
            "value": "left",
            "label": "Left"
          },
          {
            "value": "center",
            "label": "Center"
          }
        ]
      },
      {
        "type": "range",
        "id": "spacing_product_text_horizon",
        "label": "テキスト余白 左右",
        "default": 5,
        "min": 0,
        "max": 30,
        "unit": "px"
      },
      {
        "type": "range",
        "id": "spacing_product_text_vertical",
        "label": "テキスト余白 上下",
        "default": 15,
        "min": 5,
        "max": 40,
        "unit": "px"
      },
      {
        "type": "color",
        "id": "product_card_bg",
        "label": "カードスタイルの場合の背景色",
        "default": "rgba(0,0,0,0)"
      },
      {
        "type": "color",
        "id": "product_card_border",
        "label": "カードスタイルの場合の罫線の色",
        "default": "rgba(0,0,0,0)"
      },
      {
        "type": "header",
        "content": "t:settings_schema.product_tiles.settings.header_color_swatches"
      },
      {
        "type": "checkbox",
        "id": "enable_swatches",
        "label": "t:settings_schema.product_tiles.settings.enable_swatches.label"
      },
      {
        "type": "select",
        "id": "swatch_style",
        "label": "t:settings_schema.product_tiles.settings.swatch_style.label",
        "default": "round",
        "options": [
          {
            "value": "round",
            "label": "t:settings_schema.product_tiles.settings.swatch_style.options.round.label"
          },
          {
            "value": "square",
            "label": "t:settings_schema.product_tiles.settings.swatch_style.options.square.label"
          }
        ]
      },
      {
        "type": "header",
        "content": "クイックショップ"
      },
      {
        "type": "checkbox",
        "id": "quick_shop_enable",
        "label": "t:settings_schema.product_tiles.settings.quick_shop_enable.label"
      },
      {
        "type": "text",
        "id": "quick_shop_text",
        "label": "t:settings_schema.product_tiles.settings.quick_shop_text.label",
        "default": "Quick view"
      }
    ]
  },
  {
    "name": "t:settings_schema.collection_tiles.name",
    "settings": [
      {
        "type": "select",
        "id": "collection_grid_style",
        "label": "コレクショングリッドスタイル",
        "default": "overlaid",
        "options": [
          {
            "value": "below",
            "label": "ノーマルスタイル"
          },
          {
            "value": "overlaid",
            "label": "オーバーレイスタイル"
          },
          {
            "value": "overlaid-box",
            "label": "オーバーレイテキストボックススタイル"
          }
        ]
      },
      {
        "type": "select",
        "id": "collection_grid_shape",
        "label": "t:settings_schema.collection_tiles.settings.collection_grid_shape.label",
        "default": "square",
        "options": [
          {
            "value": "square",
            "label": "正方形 (1:1)"
          },
          {
            "value": "landscape",
            "label": "横_長方形 (4:3)"
          },
          {
            "value": "landscape2",
            "label": "横_長方形 (3:2)"
          },
          {
            "value": "wide",
            "label": "横_長方形 (16:9)"
          },
          {
            "value": "portrait",
            "label": "縦_長方形 (2:3)"
          },
          {
            "value": "portrait2",
            "label": "縦_長方形 (3:4)"
          },
          {
            "value": "portrait3",
            "label": "縦_長方形 (4:5)"
          }
        ]
      },
      {
        "type": "select",
        "id": "collection_grid_image",
        "label": "t:settings_schema.collection_tiles.settings.collection_grid_image.label",
        "default": "collection",
        "options": [
          {
            "value": "collection",
            "label": "コレクション画像"
          },
          {
            "value": "product",
            "label": "コレクションの最初の商品画像"
          }
        ]
      },
      {
        "type": "range",
        "id": "type_collection_size",
        "label": "テキストサイズ",
        "default": 25,
        "min": 12,
        "max": 35,
        "unit": "px"
      },
      {
        "type": "select",
        "id": "collection_grid_text_align",
        "label": "t:settings_schema.collection_tiles.settings.collection_grid_text_align.label",
        "default": "center",
        "options": [
          {
            "value": "top-left",
            "label": "t:settings_schema.collection_tiles.settings.collection_grid_text_align.options.top-left.label"
          },
          {
            "value": "top-center",
            "label": "t:settings_schema.collection_tiles.settings.collection_grid_text_align.options.top-center.label"
          },
          {
            "value": "top-right",
            "label": "t:settings_schema.collection_tiles.settings.collection_grid_text_align.options.top-right.label"
          },
          {
            "value": "left",
            "label": "t:settings_schema.collection_tiles.settings.collection_grid_text_align.options.left.label"
          },
          {
            "value": "center",
            "label": "t:settings_schema.collection_tiles.settings.collection_grid_text_align.options.center.label"
          },
          {
            "value": "right",
            "label": "t:settings_schema.collection_tiles.settings.collection_grid_text_align.options.right.label"
          },
          {
            "value": "bottom-left",
            "label": "t:settings_schema.collection_tiles.settings.collection_grid_text_align.options.bottom-left.label"
          },
          {
            "value": "bottom-center",
            "label": "t:settings_schema.collection_tiles.settings.collection_grid_text_align.options.bottom-center.label"
          },
          {
            "value": "bottom-right",
            "label": "t:settings_schema.collection_tiles.settings.collection_grid_text_align.options.bottom-right.label"
          }
        ]
      },
      {
        "type": "range",
        "id": "spacing_collection_text_horizon",
        "label": "テキスト余白 左右",
        "default": 5,
        "min": 0,
        "max": 30,
        "unit": "px"
      },
      {
        "type": "range",
        "id": "spacing_collection_text_vertical",
        "label": "テキスト余白 上下",
        "default": 15,
        "min": 5,
        "max": 40,
        "unit": "px"
      },
      {
        "type": "color",
        "id": "collection_grid_tint",
        "label": "オーバーレイ背景色",
        "default": "#000000"
      },
      {
        "type": "range",
        "id": "collection_grid_opacity",
        "label": "オーバーレイ背景の透過",
        "default": 10,
        "min": 0,
        "max": 20,
        "step": 2,
        "unit": "%"
      },
      {
        "type": "checkbox",
        "id": "collection_grid_gutter",
        "label": "グリッド間余白を入れる",
        "default": true
      }
    ]
  },
  {
    "name": "t:settings_schema.cart.name",
    "settings": [
      {
        "type": "header",
        "content": "t:settings_schema.cart.settings.header_cart"
      },
      {
        "type": "select",
        "id": "cart_type",
        "label": "t:settings_schema.cart.settings.cart_type.label",
        "default": "page",
        "options": [
          {
            "value": "page",
            "label": "t:settings_schema.cart.settings.cart_type.options.page.label"
          },
          {
            "value": "drawer",
            "label": "t:settings_schema.cart.settings.cart_type.options.drawer.label"
          }
        ]
      },
      {
        "type": "checkbox",
        "id": "cart_additional_buttons",
        "label": "t:settings_schema.cart.settings.cart_additional_buttons.label",
        "info": "t:settings_schema.cart.settings.cart_additional_buttons.info"
      },
      {
        "type": "checkbox",
        "id": "cart_notes_enable",
        "label": "t:settings_schema.cart.settings.cart_notes_enable.label"
      },
      {
        "type": "checkbox",
        "id": "cart_terms_conditions_enable",
        "label": "t:settings_schema.cart.settings.cart_terms_conditions_enable.label"
      },
      {
        "type": "page",
        "id": "cart_terms_conditions_page",
        "label": "t:settings_schema.cart.settings.cart_terms_conditions_page.label"
      }
    ]
  },
  {
    "name": "t:settings_schema.social_media.name",
    "settings": [
      {
        "type": "header",
        "content": "t:settings_schema.social_media.settings.header_accounts"
      },
      {
        "type": "text",
        "id": "social_facebook_link",
        "label": "t:settings_schema.social_media.settings.social_facebook_link.label",
        "info": "t:settings_schema.social_media.settings.social_facebook_link.info"
      },
      {
        "type": "text",
        "id": "social_twitter_link",
        "label": "t:settings_schema.social_media.settings.social_twitter_link.label",
        "info": "t:settings_schema.social_media.settings.social_twitter_link.info"
      },
      {
        "type": "text",
        "id": "social_pinterest_link",
        "label": "t:settings_schema.social_media.settings.social_pinterest_link.label",
        "info": "t:settings_schema.social_media.settings.social_pinterest_link.info"
      },
      {
        "type": "text",
        "id": "social_instagram_link",
        "label": "t:settings_schema.social_media.settings.social_instagram_link.label",
        "info": "t:settings_schema.social_media.settings.social_instagram_link.info"
      },
      {
        "type": "text",
        "id": "social_tiktok_link",
        "label": "t:settings_schema.social_media.settings.social_tiktok_link.label",
        "info": "t:settings_schema.social_media.settings.social_tiktok_link.info"
      },
      {
        "type": "text",
        "id": "social_youtube_link",
        "label": "t:settings_schema.social_media.settings.social_youtube_link.label",
        "info": "t:settings_schema.social_media.settings.social_youtube_link.info"
      },
      {
        "type": "text",
        "id": "social_vimeo_link",
        "label": "t:settings_schema.social_media.settings.social_vimeo_link.label",
        "info": "t:settings_schema.social_media.settings.social_vimeo_link.info"
      },
      {
        "type": "text",
        "id": "social_line_link",
        "label": "t:settings_schema.social_media.settings.social_line_link.label",
        "info": "t:settings_schema.social_media.settings.social_line_link.info"
      },
      {
        "type": "header",
        "content": "t:settings_schema.social_media.settings.header_sharing_options"
      },
      {
        "type": "checkbox",
        "id": "share_facebook",
        "label": "t:settings_schema.social_media.settings.share_facebook.label",
        "default": true
      },
      {
        "type": "checkbox",
        "id": "share_twitter",
        "label": "t:settings_schema.social_media.settings.share_twitter.label",
        "default": true
      },
      {
        "type": "checkbox",
        "id": "share_pinterest",
        "label": "t:settings_schema.social_media.settings.share_pinterest.label",
        "default": true
      }
    ]
  },
  {
    "name": "t:settings_schema.favicon.name",
    "settings": [
      {
        "type": "image_picker",
        "id": "favicon",
        "label": "t:settings_schema.favicon.settings.favicon.label",
        "info": "t:settings_schema.favicon.settings.favicon.info"
      },
      {
        "type": "image_picker",
        "id": "apple_icon",
        "label": "t:settings_schema.favicon.settings.apple_icon.label",
        "info": "t:settings_schema.favicon.settings.apple_icon.info"
      }
    ]
  },
  {
    "name": "t:settings_schema.search.name",
    "settings": [
      {
        "type": "checkbox",
        "id": "search_enable",
        "label": "t:settings_schema.search.settings.search_enable.label",
        "default": true
      },
      {
        "type": "select",
        "id": "search_type",
        "label": "t:settings_schema.search.settings.search_type.label",
        "default": "product,article,page,collection",
        "options": [
          {
            "value": "product",
            "label": "t:settings_schema.search.settings.search_type.options.product.label"
          },
          {
            "value": "product,page",
            "label": "t:settings_schema.search.settings.search_type.options.product_page.label"
          },
          {
            "value": "product,article",
            "label": "t:settings_schema.search.settings.search_type.options.product_article.label"
          },
          {
            "value": "product,article,page",
            "label": "t:settings_schema.search.settings.search_type.options.product_article_page.label"
          },
          {
            "value": "product,article,page,collection",
            "label": "t:settings_schema.search.settings.search_type.options.product_article_page_collection.label"
          }
        ]
      },
      {
        "type": "header",
        "content": "t:settings_schema.search.settings.header_predictive_search"
      },
      {
        "type": "checkbox",
        "id": "predictive_search_enabled",
        "label": "t:settings_schema.search.settings.predictive_search_enabled.label",
        "default": true,
        "info": "t:settings_schema.search.settings.predictive_search_enabled.info"
      },
      {
        "type": "checkbox",
        "id": "predictive_search_show_vendor",
        "label": "t:settings_schema.search.settings.predictive_search_show_vendor.label"
      },
      {
        "type": "checkbox",
        "id": "predictive_search_show_price",
        "label": "t:settings_schema.search.settings.predictive_search_show_price.label"
      },
      {
        "type": "select",
        "id": "predictive_image_size",
        "label": "t:settings_schema.search.settings.predictive_image_size.label",
        "default": "square",
        "options": [
          {
            "value": "square",
            "label": "t:settings_schema.search.settings.predictive_image_size.options.square.label"
          },
          {
            "value": "landscape",
            "label": "t:settings_schema.search.settings.predictive_image_size.options.landscape.label"
          },
          {
            "value": "portrait",
            "label": "t:settings_schema.search.settings.predictive_image_size.options.portrait.label"
          }
        ]
      }
    ]
  },
  {
    "name": "t:settings_schema.extras.name",
    "settings": [
      {
        "type": "checkbox",
        "id": "show_breadcrumbs",
        "label": "t:settings_schema.extras.settings.show_breadcrumbs.label"
      },
      {
        "type": "checkbox",
        "id": "show_breadcrumbs_collection_link",
        "label": "t:settings_schema.extras.settings.show_breadcrumbs_collection_link.label"
      },
      {
        "type": "select",
        "id": "text_direction",
        "label": "t:settings_schema.extras.settings.text_direction.label",
        "default": "ltr",
        "options": [
          {
            "value": "ltr",
            "label": "t:settings_schema.extras.settings.text_direction.options.ltr.label"
          },
          {
            "value": "rtl",
            "label": "t:settings_schema.extras.settings.text_direction.options.rtl.label"
          }
        ]
      },
      {
        "type": "checkbox",
        "id": "disable_animations",
        "label": "t:settings_schema.extras.settings.disable_animations.label"
      },
      {
        "type": "checkbox",
        "id": "show_wishlist",
        "label": "お気に入り Prime Review(App)"
      },
      {
        "type": "checkbox",
        "id": "show_backinstock",
        "label": "再入荷 Back in Stock(App)"
      }
    ]
  }
]
